{"is_source_file": false, "format": "", "description": "", "external_files": [], "external_methods": [], "published": [], "classes": [], "methods": [], "calls": [], "search-terms": [], "state": 2, "file_id": 10, "knowledge_revision": 26, "git_revision": "19bfb97e85236026c3badaa7c81b1defc329a7b1", "hash": "79c59c987bd2e693cd741ec3035ef383", "format-version": 4, "code-base-name": "calculator_frontend", "filename": "calculator_frontend/android/app/src/main/res/drawable/launch_background.xml", "revision_history": [{"26": "19bfb97e85236026c3badaa7c81b1defc329a7b1"}]}