{"is_source_file": false, "format": "", "description": "", "external_files": [], "external_methods": [], "published": [], "classes": [], "methods": [], "calls": [], "search-terms": [], "state": 2, "file_id": 9, "knowledge_revision": 28, "git_revision": "19bfb97e85236026c3badaa7c81b1defc329a7b1", "hash": "ab00f2bfdce1a5187d1ba31e9e68b921", "format-version": 4, "code-base-name": "calculator_frontend", "filename": "calculator_frontend/android/app/src/main/res/drawable-v21/launch_background.xml", "revision_history": [{"28": "19bfb97e85236026c3badaa7c81b1defc329a7b1"}]}