{"is_source_file": false, "format": "", "description": "", "external_files": [], "external_methods": [], "published": [], "classes": [], "methods": [], "calls": [], "search-terms": [], "state": 2, "file_id": 17, "knowledge_revision": 36, "git_revision": "07b0a4861e272c86005bf8a54384331a2f918bb8", "hash": "683f9ca2f32a701ed1517715bf394e23", "format-version": 4, "code-base-name": "calculator_frontend", "filename": "calculator_frontend/android/settings.gradle.kts", "revision_history": [{"36": "07b0a4861e272c86005bf8a54384331a2f918bb8"}]}