{"is_source_file": false, "format": "", "description": "", "external_files": [], "external_methods": [], "published": [], "classes": [], "methods": [], "calls": [], "search-terms": [], "state": 2, "file_id": 18, "knowledge_revision": 33, "git_revision": "19bfb97e85236026c3badaa7c81b1defc329a7b1", "hash": "66d03d7647c8e438164feaf5b922d44a", "format-version": 4, "code-base-name": "calculator_frontend", "filename": "calculator_frontend/analysis_options.yaml", "revision_history": [{"33": "19bfb97e85236026c3badaa7c81b1defc329a7b1"}]}