{"is_source_file": false, "format": "", "description": "", "external_files": [], "external_methods": [], "published": [], "classes": [], "methods": [], "calls": [], "search-terms": [], "state": 2, "file_id": 11, "knowledge_revision": 27, "git_revision": "07b0a4861e272c86005bf8a54384331a2f918bb8", "hash": "feddd27a2f77ef486e2b7a420b1de43d", "format-version": 4, "code-base-name": "calculator_frontend", "filename": "calculator_frontend/android/app/src/main/res/values-night/styles.xml", "revision_history": [{"27": "07b0a4861e272c86005bf8a54384331a2f918bb8"}]}