{"is_source_file": false, "format": "", "description": "", "external_files": [], "external_methods": [], "published": [], "classes": [], "methods": [], "calls": [], "search-terms": [], "state": 2, "file_id": 1, "knowledge_revision": 21, "git_revision": "cc84a4a3ba174a03decd11b48f1c5664485b53c4", "hash": "699579880a795350891cafc998a3ec79", "format-version": 4, "code-base-name": "calculator_frontend", "filename": "calculator_frontend/android/build.gradle.kts", "revision_history": [{"21": "cc84a4a3ba174a03decd11b48f1c5664485b53c4"}]}