{"is_source_file": false, "format": "", "description": "", "external_files": [], "external_methods": [], "published": [], "classes": [], "methods": [], "calls": [], "search-terms": [], "state": 2, "file_id": 4, "knowledge_revision": 21, "git_revision": "19bfb97e85236026c3badaa7c81b1defc329a7b1", "hash": "683f9ca2f32a701ed1517715bf394e23", "format-version": 4, "code-base-name": "calculator_frontend", "filename": "calculator_frontend/android/settings.gradle.kts", "revision_history": [{"21": "19bfb97e85236026c3badaa7c81b1defc329a7b1"}]}