{"is_source_file": false, "format": "", "description": "", "external_files": [], "external_methods": [], "published": [], "classes": [], "methods": [], "calls": [], "search-terms": [], "state": 2, "file_id": 12, "knowledge_revision": 30, "git_revision": "19bfb97e85236026c3badaa7c81b1defc329a7b1", "hash": "feddd27a2f77ef486e2b7a420b1de43d", "format-version": 4, "code-base-name": "calculator_frontend", "filename": "calculator_frontend/android/app/src/main/res/values-night/styles.xml", "revision_history": [{"30": "19bfb97e85236026c3badaa7c81b1defc329a7b1"}]}