{"is_source_file": false, "format": "", "description": "", "external_files": [], "external_methods": [], "published": [], "classes": [], "methods": [], "calls": [], "search-terms": [], "state": 2, "file_id": 15, "knowledge_revision": 31, "git_revision": "19bfb97e85236026c3badaa7c81b1defc329a7b1", "hash": "04ad2135a66fd1c5710a36a672bab57a", "format-version": 4, "code-base-name": "calculator_frontend", "filename": "calculator_frontend/README.md", "revision_history": [{"31": "19bfb97e85236026c3badaa7c81b1defc329a7b1"}]}