{"is_source_file": false, "format": "", "description": "", "external_files": [], "external_methods": [], "published": [], "classes": [], "methods": [], "calls": [], "search-terms": [], "state": 2, "file_id": 8, "knowledge_revision": 26, "git_revision": "07b0a4861e272c86005bf8a54384331a2f918bb8", "hash": "6fd65ef8f741ba7899d0ba6a2dc52e6a", "format-version": 4, "code-base-name": "calculator_frontend", "filename": "calculator_frontend/android/app/src/main/AndroidManifest.xml", "revision_history": [{"26": "07b0a4861e272c86005bf8a54384331a2f918bb8"}]}