{"is_source_file": false, "format": "", "description": "", "external_files": [], "external_methods": [], "published": [], "classes": [], "methods": [], "calls": [], "search-terms": [], "state": 2, "file_id": 8, "knowledge_revision": 25, "git_revision": "19bfb97e85236026c3badaa7c81b1defc329a7b1", "hash": "58b48ec178bde5aad76063577172ad24", "format-version": 4, "code-base-name": "calculator_frontend", "filename": "calculator_frontend/android/app/src/main/res/values/styles.xml", "revision_history": [{"25": "19bfb97e85236026c3badaa7c81b1defc329a7b1"}]}