{"is_source_file": false, "format": "", "description": "", "external_files": [], "external_methods": [], "published": [], "classes": [], "methods": [], "calls": [], "search-terms": [], "state": 2, "file_id": 2, "knowledge_revision": 25, "git_revision": "cc84a4a3ba174a03decd11b48f1c5664485b53c4", "hash": "96c287752f0959561d81e08481151de6", "format-version": 4, "code-base-name": "calculator_frontend", "filename": "calculator_frontend/android/app/build.gradle.kts", "revision_history": [{"25": "cc84a4a3ba174a03decd11b48f1c5664485b53c4"}]}