{"is_source_file": false, "format": "", "description": "", "external_files": [], "external_methods": [], "published": [], "classes": [], "methods": [], "calls": [], "search-terms": [], "state": 2, "file_id": 16, "knowledge_revision": 33, "git_revision": "07b0a4861e272c86005bf8a54384331a2f918bb8", "hash": "699579880a795350891cafc998a3ec79", "format-version": 4, "code-base-name": "calculator_frontend", "filename": "calculator_frontend/android/build.gradle.kts", "revision_history": [{"33": "07b0a4861e272c86005bf8a54384331a2f918bb8"}]}