{"is_source_file": true, "format": "Java", "description": "This file is a generated Java class for registering Flutter plugins on the Android platform. It is used to automatically register plugins with the Flutter engine during app initialization, referencing specific plugin classes such as SharedPreferencesPlugin and SqflitePlugin.", "external_files": ["io.flutter.embedding.engine.FlutterEngine", "io.flutter.plugins.sharedpreferences.SharedPreferencesPlugin", "com.tekartik.sqflite.SqflitePlugin"], "external_methods": ["flutterEngine.getPlugins().add(io.flutter.plugins.sharedpreferences.SharedPreferencesPlugin)", "flutterEngine.getPlugins().add(com.tekartik.sqflite.SqflitePlugin)"], "published": [], "classes": [{"name": "GeneratedPluginRegistrant", "description": "A final class responsible for registering Flutter plugins with the Android Flutter engine to ensure they are available during app runtime."}], "methods": [{"name": "registerWith", "description": "A static method that registers specific Flutter plugins with the provided FlutterEngine instance."}], "calls": ["flutterEngine.getPlugins().add(io.flutter.plugins.sharedpreferences.SharedPreferencesPlugin)", "flutterEngine.getPlugins().add(com.tekartik.sqflite.SqflitePlugin)"], "search-terms": ["GeneratedPluginRegistrant", "FlutterEngine", "SharedPreferencesPlugin", "SqflitePlugin", "Plugin registration", "Generated Java class"], "state": 2, "file_id": 13, "knowledge_revision": 37, "git_revision": "", "hash": "4e24ad985234c7ea587449a7b9814f29", "format-version": 4, "code-base-name": "calculator_frontend", "filename": "calculator_frontend/android/app/src/main/java/io/flutter/plugins/GeneratedPluginRegistrant.java", "revision_history": [{"37": ""}]}