{"is_source_file": false, "format": "", "description": "", "external_files": [], "external_methods": [], "published": [], "classes": [], "methods": [], "calls": [], "search-terms": [], "state": 2, "file_id": 3, "knowledge_revision": 20, "git_revision": "cc84a4a3ba174a03decd11b48f1c5664485b53c4", "hash": "ac1dad6fec40014c3c6cbbd849a880dc", "format-version": 4, "code-base-name": "calculator_frontend", "filename": "calculator_frontend/android/app/src/debug/AndroidManifest.xml", "revision_history": [{"20": "cc84a4a3ba174a03decd11b48f1c5664485b53c4"}]}