{"is_source_file": false, "format": "", "description": "", "external_files": [], "external_methods": [], "published": [], "classes": [], "methods": [], "calls": [], "search-terms": [], "state": 2, "file_id": 11, "knowledge_revision": 26, "git_revision": "cc84a4a3ba174a03decd11b48f1c5664485b53c4", "hash": "58b48ec178bde5aad76063577172ad24", "format-version": 4, "code-base-name": "calculator_frontend", "filename": "calculator_frontend/android/app/src/main/res/values/styles.xml", "revision_history": [{"26": "cc84a4a3ba174a03decd11b48f1c5664485b53c4"}]}