{"is_source_file": false, "format": "", "description": "", "external_files": [], "external_methods": [], "published": [], "classes": [], "methods": [], "calls": [], "search-terms": [], "state": 2, "file_id": 13, "knowledge_revision": 28, "git_revision": "cc84a4a3ba174a03decd11b48f1c5664485b53c4", "hash": "66d03d7647c8e438164feaf5b922d44a", "format-version": 4, "code-base-name": "calculator_frontend", "filename": "calculator_frontend/analysis_options.yaml", "revision_history": [{"28": "cc84a4a3ba174a03decd11b48f1c5664485b53c4"}]}