{"is_source_file": true, "format": "Dart", "description": "This is the main source file for a Flutter-based calculator app, defining the main widget, theming, calculator logic, and UI components such as display, keypad, and operation buttons.", "external_files": ["package:flutter/material.dart"], "external_methods": ["runApp", "Colors.white", "Color", "ColorScheme", "Brightness.light", "ThemeData", "TextTheme", "TextStyle", "MaterialApp", "Scaffold", "AppBar", "Padding", "Column", "Row", "Expanded", "Container", "BoxDecoration", "LinearGradient", "Border", "BorderRadius", "BoxShadow", "FittedBox", "Text", "InkWell", "Material", "Icon", "setState", "build"], "published": ["main", "MyApp", "_PendingOp", "_CalculatorState", "CalculatorScreen", "_CalculatorScreenState", "_DisplayCard", "_OperationsRow", "_OpChip", "_Keypad", "_KeyButton"], "classes": [{"name": "MyApp", "description": "Main application widget that sets up theming and home screen."}, {"name": "_CalculatorState", "description": "Holds calculator logic state including input, accumulator, operation, and evaluation status."}, {"name": "CalculatorScreen", "description": "Stateful widget managing calculator display and input interactions."}, {"name": "_DisplayCard", "description": "UI component for displaying current value and subtitle."}, {"name": "_OperationsRow", "description": "UI component for selecting between addition and subtraction operations."}, {"name": "_OpChip", "description": "UI chip representing an operation (+ or -), indicating selection."}, {"name": "_Keypad", "description": "UI component for calculator keypad layout and input buttons."}, {"name": "_KeyButton", "description": "UI component for individual keypad buttons, supporting icons and labels."}], "methods": [{"name": "main", "description": "Entry point of the Flutter app, runs the MyApp widget."}, {"name": "_buildTheme", "description": "Constructs and returns the custom theme data for the app."}, {"name": "_formatNumber", "description": "Formats a double value into a user-readable string, avoiding unnecessary decimal points."}, {"name": "_parseInputOrZero", "description": "Parses the current input string into a double, defaulting to zero on failure."}, {"name": "_clearAll", "description": "Resets the calculator state to initial values."}, {"name": "_backspace", "description": "Removes the last character from input, or resets if just evaluated."}, {"name": "_appendDigit", "description": "Adds a digit to the current input, handling leading zeros and negative sign cases."}, {"name": "_appendDecimalPoint", "description": "Adds a decimal point to the input if not already present."}, {"name": "_setOperation", "description": "Sets the pending operation (+ or -), evaluating previous if necessary."}, {"name": "_applyOp", "description": "Performs the arithmetic operation (+ or -) on two doubles."}, {"name": "_evaluate", "description": "Computes the result of the pending operation."}, {"name": "build", "description": "Builds the UI, including display, operation buttons, and keypad, with theming."}, {"name": "_buildSubtitle", "description": "Constructs the subtitle string indicating current operation or result status."}], "calls": ["runApp", "MaterialApp", "ThemeData", "ColorScheme", "Scaffold", "AppBar", "setState", "build"], "search-terms": ["simple-calculator", "calculator_frontend", "main.dart", "calculator app", "Flutter calculator", "theming", "operations", "keypad", "display", "calculator state"], "state": 2, "file_id": 18, "knowledge_revision": 40, "git_revision": "", "revision_history": [{"37": ""}, {"38": ""}, {"40": ""}], "hash": "0eded2f0eb417ed001424494a5e8be16", "format-version": 4, "code-base-name": "calculator_frontend", "filename": "calculator_frontend/lib/main.dart"}