{"is_source_file": false, "format": "", "description": "", "external_files": [], "external_methods": [], "published": [], "classes": [], "methods": [], "calls": [], "search-terms": [], "state": 2, "file_id": 16, "knowledge_revision": 33, "git_revision": "cc84a4a3ba174a03decd11b48f1c5664485b53c4", "hash": "927f7a39f04c539eadf6e6a93da2e800", "format-version": 4, "code-base-name": "calculator_frontend", "filename": "calculator_frontend/pubspec.yaml", "revision_history": [{"33": "cc84a4a3ba174a03decd11b48f1c5664485b53c4"}]}