{"is_source_file": false, "format": "", "description": "", "external_files": [], "external_methods": [], "published": [], "classes": [], "methods": [], "calls": [], "search-terms": [], "state": 2, "file_id": 2, "knowledge_revision": 20, "git_revision": "07b0a4861e272c86005bf8a54384331a2f918bb8", "hash": "04ad2135a66fd1c5710a36a672bab57a", "format-version": 4, "code-base-name": "calculator_frontend", "filename": "calculator_frontend/README.md", "revision_history": [{"20": "07b0a4861e272c86005bf8a54384331a2f918bb8"}]}