{"is_source_file": false, "format": "", "description": "", "external_files": [], "external_methods": [], "published": [], "classes": [], "methods": [], "calls": [], "search-terms": [], "state": 2, "file_id": 7, "knowledge_revision": 24, "git_revision": "19bfb97e85236026c3badaa7c81b1defc329a7b1", "hash": "ac1dad6fec40014c3c6cbbd849a880dc", "format-version": 4, "code-base-name": "calculator_frontend", "filename": "calculator_frontend/android/app/src/profile/AndroidManifest.xml", "revision_history": [{"24": "19bfb97e85236026c3badaa7c81b1defc329a7b1"}]}