{"is_source_file": true, "format": "Kotlin", "description": "This file defines the main activity class for an Android app using Flutter, extending FlutterActivity.", "external_files": ["io/flutter/embedding/android/FlutterActivity.kt"], "external_methods": ["FlutterActivity()"], "published": ["MainActivity"], "classes": [{"name": "MainActivity", "description": "Main activity class for the Flutter-based Android application, extending FlutterActivity."}], "methods": [{"name": "MainActivity", "description": "Constructor for the MainActivity class, inheriting initialization behavior from FlutterActivity."}], "calls": [], "search-terms": ["MainActivity", "FlutterActivity", "com.example.calculator_frontend", "android", "Kotlin"], "state": 2, "file_id": 14, "knowledge_revision": 34, "git_revision": "19bfb97e85236026c3badaa7c81b1defc329a7b1", "hash": "483ad5764895ee040a320c92918243ba", "format-version": 4, "code-base-name": "calculator_frontend", "filename": "calculator_frontend/android/app/src/main/kotlin/com/example/calculator_frontend/MainActivity.kt", "revision_history": [{"34": "19bfb97e85236026c3badaa7c81b1defc329a7b1"}]}