{"is_source_file": false, "format": "", "description": "", "external_files": [], "external_methods": [], "published": [], "classes": [], "methods": [], "calls": [], "search-terms": [], "state": 2, "file_id": 14, "knowledge_revision": 31, "git_revision": "07b0a4861e272c86005bf8a54384331a2f918bb8", "hash": "ac1dad6fec40014c3c6cbbd849a880dc", "format-version": 4, "code-base-name": "calculator_frontend", "filename": "calculator_frontend/android/app/src/debug/AndroidManifest.xml", "revision_history": [{"31": "07b0a4861e272c86005bf8a54384331a2f918bb8"}]}