{"is_source_file": true, "format": "Dart", "description": "This file is the main entry point for a Flutter application, setting up the app widget, theme, and home page structure.", "external_files": ["package:flutter/material.dart"], "external_methods": ["runApp", "MaterialApp", "ThemeData", "ColorScheme.fromSeed", "Colors.blue", "Theme.of", "Scaffold", "AppBar", "Text", "Center", "Column", "mainAxisAlignment", "TextStyle", "SizedBox", "CircularProgressIndicator"], "published": ["main", "MyApp", "MyHomePage", "_MyHomePageState"], "classes": [{"name": "MyApp", "description": "The root widget of the Flutter application, which sets the theme and home page."}, {"name": "MyHomePage", "description": "A StatefulWidget that represents the main screen with a title and state."}, {"name": "_MyHomePageState", "description": "The state class for MyHomePage, building the scaffold with app bar and body content."}], "methods": [{"name": "main", "description": "The entry point of the application, runs the MyApp widget."}, {"name": "build", "description": "Builds the widget tree for MyApp and MyHomePage classes."}], "calls": ["runApp", "MaterialApp", "ThemeData", "ColorScheme.fromSeed", "Colors.blue", "Theme.of", "Scaffold", "AppBar", "Text", "Center", "Column", "TextStyle", "SizedBox", "CircularProgressIndicator"], "search-terms": ["Flutter main", "MaterialApp", "MyApp widget", "MyHomePage", "StatelessWidget", "StatefulWidget", "Scaffold", "appBar", "CircularProgressIndicator", "calculator_frontend"], "state": 2, "file_id": 17, "knowledge_revision": 22, "git_revision": "", "hash": "2f360ad2ae7876257fcc6d5b270e24f4", "format-version": 4, "code-base-name": "calculator_frontend", "filename": "calculator_frontend/lib/main.dart", "revision_history": [{"22": ""}]}