{"is_source_file": false, "format": "", "description": "", "external_files": [], "external_methods": [], "published": [], "classes": [], "methods": [], "calls": [], "search-terms": [], "state": 2, "file_id": 16, "knowledge_revision": 32, "git_revision": "19bfb97e85236026c3badaa7c81b1defc329a7b1", "hash": "927f7a39f04c539eadf6e6a93da2e800", "format-version": 4, "code-base-name": "calculator_frontend", "filename": "calculator_frontend/pubspec.yaml", "revision_history": [{"32": "19bfb97e85236026c3badaa7c81b1defc329a7b1"}]}