{"is_source_file": false, "format": "", "description": "", "external_files": [], "external_methods": [], "published": [], "classes": [], "methods": [], "calls": [], "search-terms": [], "state": 2, "file_id": 5, "knowledge_revision": 27, "git_revision": "19bfb97e85236026c3badaa7c81b1defc329a7b1", "hash": "96c287752f0959561d81e08481151de6", "format-version": 4, "code-base-name": "calculator_frontend", "filename": "calculator_frontend/android/app/build.gradle.kts", "revision_history": [{"27": "19bfb97e85236026c3badaa7c81b1defc329a7b1"}]}