{"is_source_file": false, "format": "", "description": "", "external_files": [], "external_methods": [], "published": [], "classes": [], "methods": [], "calls": [], "search-terms": [], "state": 2, "file_id": 3, "knowledge_revision": 22, "git_revision": "19bfb97e85236026c3badaa7c81b1defc329a7b1", "hash": "699579880a795350891cafc998a3ec79", "format-version": 4, "code-base-name": "calculator_frontend", "filename": "calculator_frontend/android/build.gradle.kts", "revision_history": [{"22": "19bfb97e85236026c3badaa7c81b1defc329a7b1"}]}