{"is_source_file": false, "format": "", "description": "", "external_files": [], "external_methods": [], "published": [], "classes": [], "methods": [], "calls": [], "search-terms": [], "state": 2, "file_id": 11, "knowledge_revision": 29, "git_revision": "19bfb97e85236026c3badaa7c81b1defc329a7b1", "hash": "6fd65ef8f741ba7899d0ba6a2dc52e6a", "format-version": 4, "code-base-name": "calculator_frontend", "filename": "calculator_frontend/android/app/src/main/AndroidManifest.xml", "revision_history": [{"29": "19bfb97e85236026c3badaa7c81b1defc329a7b1"}]}