{"is_source_file": false, "format": "", "description": "", "external_files": [], "external_methods": [], "published": [], "classes": [], "methods": [], "calls": [], "search-terms": [], "state": 2, "file_id": 5, "knowledge_revision": 24, "git_revision": "", "hash": "5b3b418ce50367c33bded3c0df06d47f", "format-version": 4, "code-base-name": "calculator_frontend", "filename": "calculator_frontend/android/app/src/main/java/io/flutter/plugins/GeneratedPluginRegistrant.java", "revision_history": [{"24": ""}]}