{"is_source_file": false, "format": "", "description": "", "external_files": [], "external_methods": [], "published": [], "classes": [], "methods": [], "calls": [], "search-terms": [], "state": 2, "file_id": 12, "knowledge_revision": 28, "git_revision": "07b0a4861e272c86005bf8a54384331a2f918bb8", "hash": "ab00f2bfdce1a5187d1ba31e9e68b921", "format-version": 4, "code-base-name": "calculator_frontend", "filename": "calculator_frontend/android/app/src/main/res/drawable-v21/launch_background.xml", "revision_history": [{"28": "07b0a4861e272c86005bf8a54384331a2f918bb8"}]}