{"is_source_file": false, "format": "", "description": "", "external_files": [], "external_methods": [], "published": [], "classes": [], "methods": [], "calls": [], "search-terms": [], "state": 2, "file_id": 6, "knowledge_revision": 20, "git_revision": "e8af98d19766126e137fd1f3b1aebd14cf20afaa", "hash": "4e24ad985234c7ea587449a7b9814f29", "format-version": 4, "code-base-name": "calculator_frontend", "filename": "calculator_frontend/android/app/src/main/java/io/flutter/plugins/GeneratedPluginRegistrant.java", "revision_history": [{"20": "e8af98d19766126e137fd1f3b1aebd14cf20afaa"}]}