{"is_source_file": false, "format": "", "description": "", "external_files": [], "external_methods": [], "published": [], "classes": [], "methods": [], "calls": [], "search-terms": ["settings.gradle.kts", "pluginManagement", "flutterSdkPath", "gradle", "plugins"], "state": 2, "file_id": 12, "knowledge_revision": 30, "git_revision": "cc84a4a3ba174a03decd11b48f1c5664485b53c4", "hash": "683f9ca2f32a701ed1517715bf394e23", "format-version": 4, "code-base-name": "calculator_frontend", "filename": "calculator_frontend/android/settings.gradle.kts", "revision_history": [{"30": "cc84a4a3ba174a03decd11b48f1c5664485b53c4"}]}