{"is_source_file": false, "format": "", "description": "", "external_files": [], "external_methods": [], "published": [], "classes": [], "methods": [], "calls": [], "search-terms": [], "state": 2, "file_id": 10, "knowledge_revision": 35, "git_revision": "07b0a4861e272c86005bf8a54384331a2f918bb8", "hash": "79c59c987bd2e693cd741ec3035ef383", "format-version": 4, "code-base-name": "calculator_frontend", "filename": "calculator_frontend/android/app/src/main/res/drawable/launch_background.xml", "revision_history": [{"35": "07b0a4861e272c86005bf8a54384331a2f918bb8"}]}