{"is_source_file": false, "format": "", "description": "", "external_files": [], "external_methods": [], "published": [], "classes": [], "methods": [], "calls": [], "search-terms": [], "state": 2, "file_id": 7, "knowledge_revision": 22, "git_revision": "cc84a4a3ba174a03decd11b48f1c5664485b53c4", "hash": "6fd65ef8f741ba7899d0ba6a2dc52e6a", "format-version": 4, "code-base-name": "calculator_frontend", "filename": "calculator_frontend/android/app/src/main/AndroidManifest.xml", "revision_history": [{"22": "cc84a4a3ba174a03decd11b48f1c5664485b53c4"}]}