{"is_source_file": true, "format": "Kotlin", "description": "The file defines the MainActivity class for an Android app, which extends FlutterActivity, indicating it's a Flutter-based Android app's main activity.", "external_files": ["io.flutter.embedding.android.FlutterActivity"], "external_methods": ["FlutterActivity()"], "published": ["MainActivity"], "classes": [{"name": "MainActivity", "description": "The main activity class of the Flutter Android application, extending FlutterActivity to integrate Flutter into the Android app."}], "methods": [{"name": "MainActivity", "description": "Constructor for MainActivity, inheriting from FlutterActivity."}], "calls": ["FlutterActivity()"], "search-terms": ["MainActivity", "FlutterActivity", "Android", "Kotlin", "Flutter"], "state": 2, "file_id": 7, "knowledge_revision": 24, "git_revision": "07b0a4861e272c86005bf8a54384331a2f918bb8", "hash": "483ad5764895ee040a320c92918243ba", "format-version": 4, "code-base-name": "calculator_frontend", "filename": "calculator_frontend/android/app/src/main/kotlin/com/example/calculator_frontend/MainActivity.kt", "revision_history": [{"24": "07b0a4861e272c86005bf8a54384331a2f918bb8"}]}