{"is_source_file": false, "format": "", "description": "", "external_files": [], "external_methods": [], "published": [], "classes": [], "methods": [], "calls": [], "search-terms": [], "state": 2, "file_id": 5, "knowledge_revision": 21, "git_revision": "07b0a4861e272c86005bf8a54384331a2f918bb8", "hash": "66d03d7647c8e438164feaf5b922d44a", "format-version": 4, "code-base-name": "calculator_frontend", "filename": "calculator_frontend/analysis_options.yaml", "revision_history": [{"21": "07b0a4861e272c86005bf8a54384331a2f918bb8"}]}