{"is_source_file": true, "format": "Kotlin", "description": "This file defines the MainActivity class for an Android app using Flutter. It extends FlutterActivity and serves as the entry point for the app's Android platform integration.", "external_files": ["io.flutter.embedding.android.FlutterActivity"], "external_methods": ["FlutterActivity()"], "published": ["com.example.calculator_frontend.MainActivity"], "classes": [{"name": "MainActivity", "description": "The main activity class that integrates Flutter with Android. It inherits from FlutterActivity and acts as the activity that launches the Flutter app."}], "methods": [{"name": "MainActivity", "description": "Constructor for MainActivity class, inherited from FlutterActivity."}], "calls": ["FlutterActivity()"], "search-terms": ["MainActivity", "FlutterActivity", "Android activity", "Kotlin Flutter integration"], "state": 2, "file_id": 6, "knowledge_revision": 29, "git_revision": "cc84a4a3ba174a03decd11b48f1c5664485b53c4", "hash": "483ad5764895ee040a320c92918243ba", "format-version": 4, "code-base-name": "calculator_frontend", "filename": "calculator_frontend/android/app/src/main/kotlin/com/example/calculator_frontend/MainActivity.kt", "revision_history": [{"29": "cc84a4a3ba174a03decd11b48f1c5664485b53c4"}]}