{"is_source_file": true, "format": "Dart", "description": "A Flutter application's main source file that sets up the app's root widget, theme, and home page structure with a simple progress display.", "external_files": ["package:flutter/material.dart"], "external_methods": ["runApp", "MaterialApp", "ThemeData", "ColorScheme.fromSeed", "Colors.blue", "StatelessWidget", "StatefulWidget", "createState", "Scaffold", "AppBar", "Theme.of", "Text", "Center", "Column", "SizedBox", "CircularProgressIndicator"], "published": ["main", "MyApp", "MyHomePage", "_MyHomePageState"], "classes": [{"name": "MyApp", "description": "The root widget of the Flutter application, configuring theme and home page."}, {"name": "MyHomePage", "description": "A stateful widget representing the home screen with a title."}, {"name": "_MyHomePageState", "description": "State class managing the UI of MyHomePage, displaying a progress message."}], "methods": [{"name": "main", "description": "Entry point of the application, initializing and running the root widget."}, {"name": "build", "description": "Builds the widget tree for MyApp and _MyHomePageState."}], "calls": ["runApp", "MaterialApp", "ThemeData", "ColorScheme.fromSeed", "Colors.blue", "Scaffold", "AppBar", "Theme.of", "Text", "Center", "Column", "SizedBox", "CircularProgressIndicator"], "search-terms": ["Flutter", "MaterialApp setup", "StatefulWidget", "Progress indicator", "Theme configuration", "main.dart", "app initialization", "calculator_frontend"], "state": 2, "file_id": 14, "knowledge_revision": 36, "git_revision": "", "hash": "2f360ad2ae7876257fcc6d5b270e24f4", "format-version": 4, "code-base-name": "calculator_frontend", "filename": "calculator_frontend/lib/main.dart", "revision_history": [{"36": ""}]}