{"is_source_file": false, "format": "", "description": "", "external_files": [], "external_methods": [], "published": [], "classes": [], "methods": [], "calls": [], "search-terms": [], "state": 2, "file_id": 4, "knowledge_revision": 23, "git_revision": "07b0a4861e272c86005bf8a54384331a2f918bb8", "hash": "927f7a39f04c539eadf6e6a93da2e800", "format-version": 4, "code-base-name": "calculator_frontend", "filename": "calculator_frontend/pubspec.yaml", "revision_history": [{"23": "07b0a4861e272c86005bf8a54384331a2f918bb8"}]}