{"is_source_file": false, "format": "", "description": "", "external_files": [], "external_methods": [], "published": [], "classes": [], "methods": [], "calls": [], "search-terms": [], "state": 2, "file_id": 15, "knowledge_revision": 34, "git_revision": "07b0a4861e272c86005bf8a54384331a2f918bb8", "hash": "96c287752f0959561d81e08481151de6", "format-version": 4, "code-base-name": "calculator_frontend", "filename": "calculator_frontend/android/app/build.gradle.kts", "revision_history": [{"34": "07b0a4861e272c86005bf8a54384331a2f918bb8"}]}