{"is_source_file": true, "format": "Dart", "description": "This is a Flutter application main file, setting up the app's entry point, theme, and main UI scaffold with an AppBar and placeholder content.", "external_files": ["package:flutter/material.dart"], "external_methods": ["runApp", "MaterialApp", "ThemeData", "ColorScheme.fromSeed", "WidgetsFlutterBinding.ensureInitialized", "Colors.blue", "Scaffold", "AppBar", "Theme.of", "Center", "Column", "Text", "SizedBox", "CircularProgressIndicator"], "published": ["main", "MyApp", "MyHomePage", "_MyHomePageState"], "classes": [{"name": "MyApp", "description": "Root widget configuring the application theme and initial home page."}, {"name": "MyHomePage", "description": "Stateful widget representing the main page with a title."}, {"name": "_MyHomePageState", "description": "State class managing the UI state of MyHomePage, constructs scaffold with app bar and placeholder content."}], "methods": [{"name": "main", "description": "Application entry point; initializes and runs the Flutter app."}, {"name": "build", "description": "Builds the widget tree for MyApp and _MyHomePageState, constructing the UI."}, {"name": "createState", "description": "Creates the mutable state for MyHomePage."}], "calls": ["runApp", "MaterialApp", "ThemeData", "ColorScheme.fromSeed", "Scaffold", "AppBar", "Theme.of", "Center", "Column", "Text", "SizedBox", "CircularProgressIndicator"], "search-terms": ["Flutter main.dart", "StatelessWidget", "StatefulWidget", "MaterialApp", "UI scaffold", "app theme", "placeholder text", "progress indicator"], "state": 2, "file_id": 2, "knowledge_revision": 35, "git_revision": "", "hash": "2f360ad2ae7876257fcc6d5b270e24f4", "format-version": 4, "code-base-name": "calculator_frontend", "filename": "calculator_frontend/lib/main.dart", "revision_history": [{"35": ""}]}