{"is_source_file": false, "format": "", "description": "", "external_files": [], "external_methods": [], "published": [], "classes": [], "methods": [], "calls": [], "search-terms": [], "state": 2, "file_id": 8, "knowledge_revision": 27, "git_revision": "cc84a4a3ba174a03decd11b48f1c5664485b53c4", "hash": "ab00f2bfdce1a5187d1ba31e9e68b921", "format-version": 4, "code-base-name": "calculator_frontend", "filename": "calculator_frontend/android/app/src/main/res/drawable-v21/launch_background.xml", "revision_history": [{"27": "cc84a4a3ba174a03decd11b48f1c5664485b53c4"}]}