{"is_source_file": true, "format": "Java", "description": "A generated Android Java class for registering Flutter plugins with the Flutter engine. It serves as a boilerplate file created by the Flutter tooling process.", "external_files": ["android/FlutterEngine.java", "io.flutter.plugins.*"], "external_methods": ["FlutterEngine", "registerWith"], "published": ["GeneratedPluginRegistrant"], "classes": [{"name": "GeneratedPluginRegistrant", "description": "A final class responsible for registering Flutter plugins with the FlutterEngine instance."}], "methods": [{"name": "registerWith", "description": "Static method to register plugins with the provided FlutterEngine instance."}], "calls": [], "search-terms": ["GeneratedPluginRegistrant", "FlutterPlugin", "registerWith", "Android Flutter plugins"], "state": 2, "file_id": 6, "knowledge_revision": 29, "git_revision": "", "hash": "4e24ad985234c7ea587449a7b9814f29", "format-version": 4, "code-base-name": "calculator_frontend", "filename": "calculator_frontend/android/app/src/main/java/io/flutter/plugins/GeneratedPluginRegistrant.java", "revision_history": [{"29": ""}]}