{"is_source_file": false, "format": "", "description": "", "external_files": [], "external_methods": [], "published": [], "classes": [], "methods": [], "calls": [], "search-terms": [], "state": 2, "file_id": 9, "knowledge_revision": 34, "git_revision": "cc84a4a3ba174a03decd11b48f1c5664485b53c4", "hash": "feddd27a2f77ef486e2b7a420b1de43d", "format-version": 4, "code-base-name": "calculator_frontend", "filename": "calculator_frontend/android/app/src/main/res/values-night/styles.xml", "revision_history": [{"34": "cc84a4a3ba174a03decd11b48f1c5664485b53c4"}]}