{"is_source_file": false, "format": "", "description": "", "external_files": [], "external_methods": [], "published": [], "classes": [], "methods": [], "calls": [], "search-terms": [], "state": 2, "file_id": 10, "knowledge_revision": 32, "git_revision": "cc84a4a3ba174a03decd11b48f1c5664485b53c4", "hash": "79c59c987bd2e693cd741ec3035ef383", "format-version": 4, "code-base-name": "calculator_frontend", "filename": "calculator_frontend/android/app/src/main/res/drawable/launch_background.xml", "revision_history": [{"32": "cc84a4a3ba174a03decd11b48f1c5664485b53c4"}]}