{"is_source_file": false, "format": "", "description": "", "external_files": [], "external_methods": [], "published": [], "classes": [], "methods": [], "calls": [], "search-terms": [], "state": 2, "file_id": 1, "knowledge_revision": 23, "git_revision": "758c6bbe93bf427f2673a737227fe1ac7827c5c4", "hash": "1e48c0088faddecbd81c2643b88ae211", "format-version": 4, "code-base-name": "calculator_frontend", "filename": "README.md", "revision_history": [{"23": "758c6bbe93bf427f2673a737227fe1ac7827c5c4"}]}